programming,0.99999
terminal,0.789901
computer,0.700111
matrix,0.450001
C,0.28888

