programming,0.999997
terminal,0.789901
computer,0.700111
matrix,0.450001
C,0.288889
defect,0.213841

